[
  {
    "title": "Model",
    "icon": "back"
  },
  {
    "title": "Calculator",
    "icon": "calculator-fill"
  },
  {
    "title": "Goal Jurney",
    "icon": "cursor-fill"
  },
  {
    "title": "Financial Check Up",
    "icon": "currency-exchange"
  },
  {
    "title": "News",
    "icon": "newspaper"
  },
  {
    "title": "Installment Products",
    "icon": "collection-fill"
  },
  {
    "title": "Product Investment",
    "icon": "box-seam-fill"
  },
  {
    "title": "Other",
    "icon": "grid-fill"
  }
]
